{"cameraMode":{"drawMode":0,"name":"Shaded","section":"Shading Mode"},"sceneLighting":true,"audioPlay":false,"sceneViewState":{"m_AlwaysRefresh":false,"showFog":true,"showSkybox":true,"showFlares":true,"showImageEffects":true,"showParticleSystems":true,"showVisualEffectGraphs":true,"m_FxEnabled":true},"in2DMode":false,"pivot":{"x":14.999996185302735,"y":2.0719218254089357,"z":-0.00039827823638916016},"rotation":{"x":0.0011872771428897977,"y":-0.05261753872036934,"z":-0.00010391238902229816,"w":-0.9988499879837036},"size":5.1858229637146,"orthographic":false}